cat,word,word_level,pos
管理百科,管理百科,110,n
管理百科,企业管理,109,n
管理百科,管理理论,109,n
管理百科,产权理论,109,n
管理百科,公司治理理论,109,n
管理百科,激励理论,109,n
管理百科,决策理论,109,n
管理百科,领导理论,109,n
管理百科,企业并购理论,109,n
管理百科,企业家理论,109,n
管理百科,人性假说理论,109,n
管理百科,生命周期理论,109,n
管理百科,学习理论,109,n
管理百科,行为科学管理理论,109,n
管理百科,管理工具,109,n
管理百科,财务管理工具,109,n
管理百科,决策方法,109,n
管理百科,软评价方法,109,n
管理百科,硬评价方法,109,n
管理百科,决策预测,109,n
管理百科,计划控制方法,109,n
管理百科,目标管理工具,109,n
管理百科,生产管理工具,109,n
管理百科,思维方式,109,n
管理百科,信息管理工具,109,n
管理百科,质量管理工具,109,n
管理百科,品管七大手法,109,n
管理百科,战略管理工具,109,n
管理百科,组织管理工具,109,n
管理百科,管理方法,109,n
管理百科,财务管理方法,109,n
管理百科,财务决策方法,109,n
管理百科,财务核算方法,109,n
管理百科,风险管理方法,109,n
管理百科,目标管理方法,109,n
管理百科,生产管理方法,109,n
管理百科,IE手法,109,n
管理百科,选址方法,109,n
管理百科,质量管理方法,109,n
管理百科,组织管理方法,109,n
管理百科,公司治理,109,n
管理百科,并购重组,109,n
管理百科,反收购策略,109,n
管理百科,企业并购理论,109,n
管理百科,公司治理理论,109,n
管理百科,内部治理,109,n
管理百科,破产,109,n
管理百科,外部治理,109,n
管理百科,新兴治理,109,n
管理百科,治理模式,109,n
管理百科,企业类型,109,n
管理百科,公司行业,109,n
管理百科,企业性质,109,n
管理百科,独资企业,109,n
管理百科,国有企业,109,n
管理百科,个体工商户,109,n
管理百科,合资企业,109,n
管理百科,合作企业,109,n
管理百科,集体企业,109,n
管理百科,私营企业,109,n
管理百科,外资企业,109,n
管理百科,企业形式,109,n
管理百科,经营管理,109,n
管理百科,经营比率,109,n
管理百科,经营战略,109,n
管理百科,经营方式,109,n
管理百科,商界人物,109,n
管理百科,商业领袖,109,n
管理百科,商业领袖排行榜,109,n
管理百科,职业经理人,109,n
管理百科,企业机制,109,n
管理百科,财务机制,109,n
管理百科,创新机制,109,n
管理百科,商业模式,109,n
管理百科,零售业态,109,n
管理百科,企业家管理,109,n
管理百科,企业家理论,109,n
管理百科,世界500强,109,n
管理百科,500强排名,109,n
管理百科,IBM,109,n
管理百科,管理学家,109,n
管理百科,组织行为学家,109,n
管理百科,商业思想家,109,n
管理百科,管理学派,109,n
管理百科,战略管理学派,109,n
管理百科,管理学科,109,n
管理百科,行为科学,109,n
管理百科,管理术语,109,n
管理百科,管理定律,109,n
管理百科,管理学家名言,109,n
管理百科,管理模式,109,n
管理百科,管理咨询专家,109,n
管理百科,管理学位,109,n
管理百科,管理类型,109,n
管理百科,企业大学,109,n
管理百科,企业危机,109,n
管理百科,企业托管,109,n
管理百科,知名企业,109,n
管理百科,责任中心,109,n
管理百科,财务管理,109,n
管理百科,财务比率,109,n
管理百科,偿债能力比率,109,n
管理百科,成长能力比率,109,n
管理百科,负债比率,109,n
管理百科,经营比率,109,n
管理百科,盈利能力比率,109,n
管理百科,资产管理比率,109,n
管理百科,周转能力比率,109,n
管理百科,财务指标,109,n
管理百科,财务管理方法,109,n
管理百科,财务决策方法,109,n
管理百科,财务核算方法,109,n
管理百科,财务决策,109,n
管理百科,财务决策方法,109,n
管理百科,财务管理工具,109,n
管理百科,财务管理理论,109,n
管理百科,财务评价指标,109,n
管理百科,财务管理术语,109,n
管理百科,财务战略管理,109,n
管理百科,财务管理审计,109,n
管理百科,财务管理模式,109,n
管理百科,财务分析,109,n
管理百科,财务报表,109,n
管理百科,财务报告,109,n
管理百科,财务预算,109,n
管理百科,财务政策,109,n
管理百科,财务风险,109,n
管理百科,财务控制,109,n
管理百科,财务系统,109,n
管理百科,财务信息,109,n
管理百科,财务机制,109,n
管理百科,财务状况,109,n
管理百科,财务目标,109,n
管理百科,财务治理,109,n
管理百科,负债管理,109,n
管理百科,利润管理,109,n
管理百科,现金管理,109,n
管理百科,资金管理,109,n
管理百科,资本管理,109,n
管理百科,注册资金管理,109,n
管理百科,负债管理,109,n
管理百科,债权债务,109,n
管理百科,记帐方法,109,n
管理百科,清算,109,n
管理百科,年金,109,n
管理百科,摊销,109,n
管理百科,折旧,109,n
管理百科,财务法规,109,n
管理百科,职业理财师,109,n
管理百科,会计,109,n
管理百科,会计科目,109,n
管理百科,资产类科目,109,n
管理百科,负债类科目,109,n
管理百科,成本类科目,109,n
管理百科,损益类科目,109,n
管理百科,所有者权益类科目,109,n
管理百科,共同类科目,109,n
管理百科,会计要素,109,n
管理百科,资产,109,n
管理百科,负债,109,n
管理百科,收入,109,n
管理百科,费用,109,n
管理百科,利润,109,n
管理百科,会计术语,109,n
管理百科,经常性损益,109,n
管理百科,非经常性损益,109,n
管理百科,成本会计,109,n
管理百科,成本会计术语,109,n
管理百科,管理会计,109,n
管理百科,管理会计术语,109,n
管理百科,会计核算,109,n
管理百科,会计核算形式,109,n
管理百科,会计师事务所,109,n
管理百科,会计师事务所排行榜,109,n
管理百科,会计理论,109,n
管理百科,会计方法,109,n
管理百科,会计凭证,109,n
管理百科,会计账簿,109,n
管理百科,会计账户,109,n
管理百科,会计原则,109,n
管理百科,会计类型,109,n
管理百科,会计信息,109,n
管理百科,会计假设,109,n
管理百科,会计检查,109,n
管理百科,会计分录,109,n
管理百科,会计监管,109,n
管理百科,会计造假,109,n
管理百科,财产清查,109,n
管理百科,出纳,109,n
管理百科,公司公积金,109,n
管理百科,会计原则,109,n
管理百科,会计师,109,n
管理百科,会计师公会,109,n
管理百科,税收,109,n
管理百科,税收术语,109,n
管理百科,关税术语,109,n
管理百科,税负转嫁形式,109,n
管理百科,税种,109,n
管理百科,关税税种,109,n
管理百科,税收理论,109,n
管理百科,税收要素,109,n
管理百科,税收原则,109,n
管理百科,税率,109,n
管理百科,税制,109,n
管理百科,税收协定,109,n
管理百科,税收效应,109,n
管理百科,税收筹划,109,n
管理百科,税收征管,109,n
管理百科,税收激励,109,n
管理百科,税收负担,109,n
管理百科,财政税收法规,109,n
管理百科,审计,109,n
管理百科,审计方法,109,n
管理百科,审计风险,109,n
管理百科,审计计划,109,n
管理百科,审计报告,109,n
管理百科,管理审计,109,n
管理百科,财务管理审计,109,n
管理百科,管理决策,109,n
管理百科,决策方法,109,n
管理百科,软评价方法,109,n
管理百科,硬评价方法,109,n
管理百科,决策理论,109,n
管理百科,决策模型,109,n
管理百科,决策预测,109,n
管理百科,决策系统,109,n
管理百科,决策类型,109,n
管理百科,经营决策,109,n
管理百科,战略决策,109,n
管理百科,品牌管理,109,n
管理百科,商标,109,n
管理百科,商标术语,109,n
管理百科,商标类型,109,n
管理百科,商标策略,109,n
管理百科,商标法规,109,n
管理百科,类似商品和服务群组,109,n
管理百科,品牌策略,109,n
管理百科,品牌定位,109,n
管理百科,品牌决策,109,n
管理百科,品牌理论,109,n
管理百科,品牌管理工具,109,n
管理百科,品牌文化,109,n
管理百科,品牌术语,109,n
管理百科,品牌类型,109,n
管理百科,品牌分析,109,n
管理百科,品牌危机,109,n
管理百科,品牌咨询公司,109,n
管理百科,人力资源管理,109,n
管理百科,薪酬管理,109,n
管理百科,工资,109,n
管理百科,工资形式,109,n
管理百科,福利,109,n
管理百科,薪酬制度,109,n
管理百科,薪酬类型,109,n
管理百科,薪酬策略,109,n
管理百科,薪酬理论,109,n
管理百科,心理测验,109,n
管理百科,能力测验,109,n
管理百科,人格特质理论,109,n
管理百科,人才测评量表,109,n
管理百科,人格测试量表,109,n
管理百科,心理测验方法,109,n
管理百科,沟通管理,109,n
管理百科,沟通理论,109,n
管理百科,沟通类型,109,n
管理百科,沟通方式,109,n
管理百科,沟通方法,109,n
管理百科,职业培训,109,n
管理百科,培训模式,109,n
管理百科,培训评估,109,n
管理百科,培训方法,109,n
管理百科,培训类型,109,n
管理百科,就业培训,109,n
管理百科,职业发展,109,n
管理百科,职业发展理论,109,n
管理百科,职业锚,109,n
管理百科,绩效管理,109,n
管理百科,绩效考核,109,n
管理百科,绩效管理理论,109,n
管理百科,激励,109,n
管理百科,激励方法,109,n
管理百科,激励理论,109,n
管理百科,招聘面试,109,n
管理百科,面试方法,109,n
管理百科,招聘方法,109,n
管理百科,员工管理,109,n
管理百科,员工类型,109,n
管理百科,工作分析,109,n
管理百科,岗位评估,109,n
管理百科,工作设计,109,n
管理百科,考勤管理,109,n
管理百科,人才测评,109,n
管理百科,人力资本,109,n
管理百科,人力资源类型,109,n
管理百科,人力资源管理理论,109,n
管理百科,人力资源管理原理,109,n
管理百科,人力资源术语,109,n
管理百科,人力资源规划,109,n
管理百科,人力资源战略,109,n
管理百科,人力资源指标,109,n
管理百科,人力资源危机,109,n
管理百科,人力资源会计,109,n
管理百科,人力资源成本管理,109,n
管理百科,人事政策,109,n
管理百科,人事合同,109,n
管理百科,人力资源管理案例,109,n
管理百科,胜任素质,109,n
管理百科,自我管理,109,n
管理百科,职业阶层,109,n
管理百科,职位,109,n
管理百科,职称,109,n
管理百科,会计师,109,n
管理百科,理财师,109,n
管理百科,生产管理,109,n
管理百科,生产管理方法,109,n
管理百科,IE手法,109,n
管理百科,选址方法,109,n
管理百科,采购,109,n
管理百科,订货管理,109,n
管理百科,设备管理,109,n
管理百科,设备维修制度,109,n
管理百科,生产方式,109,n
管理百科,国际分工,109,n
管理百科,生产管理理论,109,n
管理百科,生产管理工具,109,n
管理百科,生产管理术语,109,n
管理百科,安全管理,109,n
管理百科,存货计价方法,109,n
管理百科,定额管理,109,n
管理百科,工艺管理,109,n
管理百科,工序管理,109,n
管理百科,精益管理,109,n
管理百科,可靠性管理,109,n
管理百科,物料管理,109,n
管理百科,作业时间管理,109,n
管理百科,工作班制,109,n
管理百科,生产管理战略,109,n
管理百科,生产成本管理,109,n
管理百科,生产计划,109,n
管理百科,生产类型,109,n
管理百科,生产系统,109,n
管理百科,生产布局,109,n
管理百科,生产指标,109,n
管理百科,市场营销,109,n
管理百科,顾客管理,109,n
管理百科,购买行为,109,n
管理百科,购买行为模型,109,n
管理百科,顾客异议,109,n
管理百科,异议处理方法,109,n
管理百科,顾客价值管理,109,n
管理百科,顾客价值工具,109,n
管理百科,顾客满意度管理,109,n
管理百科,顾客满意度工具,109,n
管理百科,购买行为模型,109,n
管理百科,顾客类型,109,n
管理百科,接近顾客,109,n
管理百科,消费者研究,109,n
管理百科,消费者研究工具,109,n
管理百科,消费者理论,109,n
管理百科,寻找顾客,109,n
管理百科,约见顾客,109,n
管理百科,市场营销战略,109,n
管理百科,价格策略,109,n
管理百科,定价策略,109,n
管理百科,价格类型,109,n
管理百科,产品策略,109,n
管理百科,产品定位,109,n
管理百科,包装策略,109,n
管理百科,商标策略,109,n
管理百科,促销方法,109,n
管理百科,营销渠道策略,109,n
管理百科,营销战略工具,109,n
管理百科,渠道管理,109,n
管理百科,分销,109,n
管理百科,分销渠道,109,n
管理百科,分销类型,109,n
管理百科,渠道类型,109,n
管理百科,分销渠道,109,n
管理百科,渠道成员,109,n
管理百科,渠道管理理论,109,n
管理百科,渠道冲突管理,109,n
管理百科,营销渠道策略,109,n
管理百科,销售管理,109,n
管理百科,推销,109,n
管理百科,成交方法,109,n
管理百科,接近顾客,109,n
管理百科,推销方法,109,n
管理百科,推销模式,109,n
管理百科,寻找顾客,109,n
管理百科,约见顾客,109,n
管理百科,促销管理,109,n
管理百科,促销方法,109,n
管理百科,成交方法,109,n
管理百科,折扣,109,n
管理百科,销售方法,109,n
管理百科,成交方法,109,n
管理百科,销售术语,109,n
管理百科,销售模式,109,n
管理百科,销售组织,109,n
管理百科,营销理论,109,n
管理百科,零售理论,109,n
管理百科,品牌理论,109,n
管理百科,消费者理论,109,n
管理百科,营销组合理论,109,n
管理百科,市场调研,109,n
管理百科,市场调查方法,109,n
管理百科,抽样方法,109,n
管理百科,市场分析方法,109,n
管理百科,市场分析理论,109,n
管理百科,营销工具,109,n
管理百科,商圈分析工具,109,n
管理百科,营销战略工具,109,n
管理百科,营销术语,109,n
管理百科,窜货,109,n
管理百科,经营比率,109,n
管理百科,产品,109,n
管理百科,产品策略,109,n
管理百科,产品类型,109,n
管理百科,服务管理,109,n
管理百科,服务类型,109,n
管理百科,顾客服务工具,109,n
管理百科,市场预测,109,n
管理百科,决策预测,109,n
管理百科,商业模式,109,n
管理百科,零售业态,109,n
管理百科,营销人物,109,n
管理百科,阿尔里斯,109,n
管理百科,企业营销观念,109,n
管理百科,商品陈列方法,109,n
管理百科,市场定位,109,n
管理百科,市场细分,109,n
管理百科,营销决策,109,n
管理百科,营销案例,109,n
管理百科,营销模式,109,n
管理百科,营销环境,109,n
管理百科,营销文化,109,n
管理百科,营销类型,109,n
管理百科,营销组织,109,n
管理百科,营销策划,109,n
管理百科,直销,109,n
管理百科,广告,109,n
管理百科,广告策略,109,n
管理百科,广告创意策略,109,n
管理百科,广告预算方法,109,n
管理百科,广告投放策略,109,n
管理百科,广告表现手法,109,n
管理百科,广告理论,109,n
管理百科,广告预算理论,109,n
管理百科,广告创意理论,109,n
管理百科,广告创意,109,n
管理百科,广告创意理论,109,n
管理百科,广告创意策略,109,n
管理百科,广告预算,109,n
管理百科,广告预算理论,109,n
管理百科,广告预算方法,109,n
管理百科,广告评估,109,n
管理百科,广告效果评估,109,n
管理百科,广告公司,109,n
管理百科,扬罗必凯,109,n
管理百科,广告人物,109,n
管理百科,广告术语,109,n
管理百科,广告奖,109,n
管理百科,公关公司,109,n
管理百科,广告协会,109,n
管理百科,广告类型,109,n
管理百科,广告收费模式,109,n
管理百科,广告形式,109,n
管理百科,广告要素,109,n
管理百科,广告指标,109,n
管理百科,广告媒体,109,n
管理百科,广告人物,109,n
管理百科,物流管理,109,n
管理百科,存储,109,n
管理百科,仓库类型,109,n
管理百科,仓储系统,109,n
管理百科,仓储作业,109,n
管理百科,运输,109,n
管理百科,多式联运,109,n
管理百科,海洋运输,109,n
管理百科,租船运输,109,n
管理百科,包装,109,n
管理百科,包装策略,109,n
管理百科,包装类型,109,n
管理百科,报关,109,n
管理百科,报关代码,109,n
管理百科,单证,109,n
管理百科,采购,109,n
管理百科,订货管理,109,n
管理百科,流通加工,109,n
管理百科,加工贸易,109,n
管理百科,配送,109,n
管理百科,配送中心,109,n
管理百科,物流管理理论,109,n
管理百科,物流管理术语,109,n
管理百科,物流公司,109,n
管理百科,物流协会,109,n
管理百科,第三方物流,109,n
管理百科,供应链,109,n
管理百科,绿色物流,109,n
管理百科,物流战略管理,109,n
管理百科,物流成本,109,n
管理百科,物流信息管理,109,n
管理百科,物流企业类型,109,n
管理百科,物流系统工程,109,n
管理百科,物流技术,109,n
管理百科,物流类型,109,n
管理百科,装卸搬运,109,n
管理百科,项目管理,109,n
管理百科,商业合同,109,n
管理百科,运输合同,109,n
管理百科,租船合同,109,n
管理百科,项目管理工具,109,n
管理百科,计划控制方法,109,n
管理百科,项目管理术语,109,n
管理百科,软件项目管理,109,n
管理百科,项目时间管理,109,n
管理百科,项目范围管理,109,n
管理百科,项目成本管理,109,n
管理百科,项目质量管理,109,n
管理百科,项目风险管理,109,n
管理百科,项目沟通管理,109,n
管理百科,项目人力资源管理,109,n
管理百科,项目采购管理,109,n
管理百科,项目信息管理,109,n
管理百科,项目综合管理,109,n
管理百科,信息管理,109,n
管理百科,电子商务,109,n
管理百科,电子政务,109,n
管理百科,支付系统,109,n
管理百科,商业智能公司,109,n
管理百科,支付系统,109,n
管理百科,信息管理工具,109,n
管理百科,信息管理术语,109,n
管理百科,物流信息管理,109,n
管理百科,信息管理系统,109,n
管理百科,信息化战略,109,n
管理百科,信息技术,109,n
管理百科,信息类型,109,n
管理百科,信用,109,n
管理百科,信用评级,109,n
管理百科,信用评估机构,109,n
管理百科,信用评级方法,109,n
管理百科,信用衍生工具,109,n
管理百科,信用术语,109,n
管理百科,信用类型,109,n
管理百科,管理咨询,109,n
管理百科,咨询工具,109,n
管理百科,咨询术语,109,n
管理百科,咨询公司,109,n
管理百科,咨询公司排行榜,109,n
管理百科,质量管理,109,n
管理百科,标准认证,109,n
管理百科,标准认证术语,109,n
管理百科,标准认证机构,109,n
管理百科,质量管理工具,109,n
管理百科,品管七大手法,109,n
管理百科,质量管理理论,109,n
管理百科,质量管理方法,109,n
管理百科,质量术语,109,n
管理百科,质量控制,109,n
管理百科,质量检验,109,n
管理百科,质量成本管理,109,n
管理百科,质量人物,109,n
管理百科,战略管理,109,n
管理百科,职能战略,109,n
管理百科,广告策略,109,n
管理百科,品牌策略,109,n
管理百科,企业文化策略,109,n
管理百科,人力资源战略,109,n
管理百科,生产管理战略,109,n
管理百科,物流战略管理,109,n
管理百科,信息化战略,109,n
管理百科,市场营销战略,109,n
管理百科,财务战略管理,109,n
管理百科,并购重组,109,n
管理百科,企业并购理论,109,n
管理百科,反收购策略,109,n
管理百科,竞争战略,109,n
管理百科,竞争情报,109,n
管理百科,竞争情报分析方法,109,n
管理百科,战略实施,109,n
管理百科,战略决策,109,n
管理百科,战略管理理论,109,n
管理百科,战略管理工具,109,n
管理百科,产业集聚,109,n
管理百科,总体战略,109,n
管理百科,经营战略,109,n
管理百科,战略环境分析,109,n
管理百科,战略管理学派,109,n
管理百科,流程管理,109,n
管理百科,业务流程管理,109,n
管理百科,组织管理,109,n
管理百科,组织管理理论,109,n
管理百科,马克斯·韦伯,109,n
管理百科,组织管理工具,109,n
管理百科,组织管理术语,109,n
管理百科,组织结构,109,n
管理百科,组织类型,109,n
管理百科,组织文化,109,n
管理百科,组织设计,109,n
管理百科,行政组织,109,n
管理百科,组织管理方法,109,n
管理百科,物资管理,109,n
管理百科,存储,109,n
管理百科,仓库类型,109,n
管理百科,仓储系统,109,n
管理百科,仓储作业,109,n
管理百科,物资管理术语,109,n
管理百科,知识管理,109,n
管理百科,知识管理理论,109,n
管理百科,知识管理工具,109,n
管理百科,知识管理术语,109,n
管理百科,知识类型,109,n
管理百科,企业文化,109,n
管理百科,企业文化理论,109,n
管理百科,企业文化策略,109,n
管理百科, 企业经营文化,109,n
管理百科, 企业文化建设,109,n
管理百科,知名企业文化,109,n
管理百科,公共关系,109,n
管理百科,谈判,109,n
管理百科,谈判术语,109,n
管理百科,谈判策略,109,n
管理百科,谈判类型,109,n
管理百科,商贸谈判,109,n
管理百科,谈判方式,109,n
管理百科,公关术语,109,n
管理百科,公众类型,109,n
管理百科,公共关系类型,109,n
管理百科,公关危机,109,n
管理百科,商业活动,109,n
管理百科,公关策略,109,n
管理百科,公关公司,109,n
管理百科,公文,109,n
管理百科,风险管理,109,n
管理百科,风险类型,109,n
管理百科,财务风险,109,n
管理百科,经济风险,109,n
管理百科,审计风险,109,n
管理百科,投资风险,109,n
管理百科,外汇风险,109,n
管理百科,风险管理理论,109,n
管理百科,风险管理工具,109,n
管理百科,风险管理方法,109,n
管理百科,风险术语,109,n
管理百科,风险管理类型,109,n
管理百科,目标管理,109,n
管理百科,目标管理理论,109,n
管理百科,目标管理工具,109,n
管理百科,目标管理方法,109,n
管理百科,目标管理术语,109,n
管理百科,成本管理,109,n
管理百科,成本管理类型,109,n
管理百科,人力资源成本管理,109,n
管理百科,生产成本管理,109,n
管理百科,物流成本,109,n
管理百科,营业成本,109,n
管理百科,质量成本管理,109,n
管理百科,知识产权,109,n
管理百科,商标,109,n
管理百科,商标术语,109,n
管理百科,商标类型,109,n
管理百科,商标策略,109,n
管理百科,商标法规,109,n
管理百科,类似商品和服务群组,109,n
管理百科,知识产权法规,109,n
管理百科,商标法规,109,n
管理百科,专利法规,109,n
管理百科,著作权法规,109,n
管理百科,专利,109,n
管理百科,专利术语,109,n
管理百科,著作权,109,n
管理百科,创新,109,n
管理百科,管理创新,109,n
管理百科,创新机制,109,n
管理百科,创新理论,109,n
管理百科,产品创新,109,n
管理百科,技术创新,109,n
管理百科,生产创新,109,n
管理百科,营销创新,109,n
管理百科,危机管理,109,n
管理百科,经济危机,109,n
管理百科,经济危机理论,109,n
管理百科,公关危机,109,n
管理百科,金融危机,109,n
管理百科,品牌危机,109,n
管理百科,企业危机,109,n
管理百科,人力资源危机,109,n
管理百科,行政管理,109,n
管理百科,行政组织,109,n
管理百科,行政领导,109,n
管理百科,行政职能,109,n
管理百科,行政体制,109,n
管理百科,招投标,109,n
管理百科,招投标术语,109,n
管理百科,投标类型,109,n
管理百科,招标类型,109,n
管理百科,物流成本,109,n
管理百科,供应商管理,109,n
管理百科,供应商选择方法,109,n
管理百科,设计管理,109,n
管理百科,团队管理,109,n
管理百科,情商管理,109,n
管理百科,公共管理,109,n
管理百科,预算管理,109,n
管理百科,资产管理,109,n
管理百科,人际关系,109,n
管理百科,创业,109,n
管理百科,心理学,109,n
管理百科,管理学奖,109,n
管理百科,管理学名著,109,n
经济百科,经济百科,110,n
经济百科,经济理论,109,n
经济百科,货币理论,109,n
经济百科,货币供给理论,109,n
经济百科,汇率理论,109,n
经济百科,货币需求理论,109,n
经济百科,博弈论,109,n
经济百科,博弈论学家,109,n
经济百科,边际理论,109,n
经济百科,厂商理论,109,n
经济百科,产权理论,109,n
经济百科,产业理论,109,n
经济百科,恩格尔,109,n
经济百科,二元经济理论,109,n
经济百科,规模经济理论,109,n
经济百科,公共选择理论,109,n
经济百科,规制理论,109,n
经济百科,哈贝马斯,109,n
经济百科,经济周期理论,109,n
经济百科,经济增长理论,109,n
经济百科,经济危机理论,109,n
经济百科,就业理论,109,n
经济百科,教育经济理论,109,n
经济百科,交换理论,109,n
经济百科,价值理论,109,n
经济百科,凯恩斯,109,n
经济百科,垄断理论,109,n
经济百科,李嘉图,109,n
经济百科,马克思,109,n
经济百科,马歇尔,109,n
经济百科,区域经济理论,109,n
经济百科,人口理论,109,n
经济百科,税收理论,109,n
经济百科,科斯,109,n
经济百科,统计理论,109,n
经济百科,通货膨胀理论,109,n
经济百科,消费理论,109,n
经济百科,循环经济理论,109,n
经济百科,信息经济论,109,n
经济百科,亚当斯密,109,n
经济百科,经济学术语,109,n
经济百科,统计,109,n
经济百科,经济统计指标,109,n
经济百科,统计理论,109,n
经济百科,统计指标,109,n
经济百科,统计图表,109,n
经济百科,统计学家,109,n
经济百科,统计方法,109,n
经济百科,统计术语,109,n
经济百科,产权,109,n
经济百科,产权理论,109,n
经济百科,物权,109,n
经济百科,产权类型,109,n
经济百科,产权登记制度,109,n
经济百科,知识产权,109,n
经济百科,商标,109,n
经济百科,专利,109,n
经济百科,知识产权法规,109,n
经济百科,著作权,109,n
经济百科,产业,109,n
经济百科,产业理论,109,n
经济百科,产业集聚,109,n
经济百科,产业类型,109,n
经济百科,产业政策,109,n
经济百科,产业术语,109,n
经济百科,消费,109,n
经济百科,消费模式,109,n
经济百科,消费理论,109,n
经济百科,消费类型,109,n
经济百科,就业,109,n
经济百科,就业理论,109,n
经济百科,就业培训,109,n
经济百科,失业,109,n
经济百科,失业理论,109,n
经济百科,失业类型,109,n
经济百科,垄断,109,n
经济百科,垄断理论,109,n
经济百科,垄断组织形式,109,n
经济百科,地租,109,n
经济百科,国民收入,109,n
经济百科,供给,109,n
经济百科,收入,109,n
经济百科,社会再生产,109,n
经济百科,通货,109,n
经济百科,需求,109,n
经济百科,租赁,109,n
经济百科,贸易,109,n
经济百科,海关,109,n
经济百科,关税术语,109,n
经济百科,关税税种,109,n
经济百科,海关术语,109,n
经济百科,海关监管方式,109,n
经济百科,检验检疫,109,n
经济百科,质量检验,109,n
经济百科,贸易方式,109,n
经济百科,出口贸易,109,n
经济百科,加工贸易,109,n
经济百科,进口贸易,109,n
经济百科,易货贸易,109,n
经济百科,贸易结算,109,n
经济百科,本票,109,n
经济百科,汇票,109,n
经济百科,信用证,109,n
经济百科,商业合同,109,n
经济百科,运输合同,109,n
经济百科,租船合同,109,n
经济百科,报关,109,n
经济百科,报关代码,109,n
经济百科,单证,109,n
经济百科,贸易理论,109,n
经济百科,要素禀赋论,109,n
经济百科,保税,109,n
经济百科,国际分工,109,n
经济百科,国际贸易术语,109,n
经济百科,国际经贸组织,109,n
经济百科,贸易术语,109,n
经济百科,贸易政策,109,n
经济百科,贸易法规,109,n
经济百科,贸易协定,109,n
经济百科,贸易壁垒,109,n
经济百科,倾销,109,n
经济百科,商贸会展,109,n
经济百科,商贸谈判,109,n
经济百科,WTO协议,109,n
经济百科,自由贸易区,109,n
经济百科,财政,109,n
经济百科,财政政策,109,n
经济百科,货币政策,109,n
经济百科,货币政策工具,109,n
经济百科,三大货币政策工具,109,n
经济百科,财政预算,109,n
经济百科,财政支出,109,n
经济百科,财政收入,109,n
经济百科,财政补贴,109,n
经济百科,财政术语,109,n
经济百科,财政理论,109,n
经济百科,财政税收法规,109,n
经济百科,社会保障,109,n
经济百科,外债,109,n
经济百科,区域经济,109,n
经济百科,区域经济模式,109,n
经济百科,区域经济理论,109,n
经济百科,均衡发展理论,109,n
经济百科,经济政策,109,n
经济百科,财政政策,109,n
经济百科,货币政策,109,n
经济百科,货币政策工具,109,n
经济百科,三大货币政策工具,109,n
经济百科,经济分析,109,n
经济百科,经济分析工具,109,n
经济百科,经济分析方法,109,n
经济百科,市场体系,109,n
经济百科,商品市场式,109,n
经济百科,生产要素市场,109,n
经济百科,经济术语,109,n
经济百科,经济增长方式,109,n
经济百科,经济弹性,109,n
经济百科,市场规制,109,n
经济百科,经济指数,109,n
经济百科,价格指数,109,n
经济百科,经济模式,109,n
经济百科,区域经济模式,109,n
经济百科,经济危机,109,n
经济百科,经济危机理论,109,n
经济百科,经济租金,109,n
经济百科,寻租,109,n
经济百科,规模经济,109,n
经济百科,规模经济理论,109,n
经济百科,购买力,109,n
经济百科,购买力理论,109,n
经济百科,国民经济,109,n
经济百科,国民经济账户,109,n
经济百科,货币制度,109,n
经济百科,汇率制度,109,n
经济百科,商业,109,n
经济百科,商业模式,109,n
经济百科,经济学分支学科,109,n
经济百科,经济学奖,109,n
经济百科,克拉克奖章获得者,109,n
经济百科,诺贝尔经济学奖获得者,109,n
经济百科,经济学家,109,n
经济百科,国内经济学家,109,n
经济百科,赫伯特·西蒙,109,n
经济百科,克拉克奖章获得者,109,n
经济百科,诺贝尔经济学奖获得者,109,n
经济百科,政治经济学家,109,n
经济百科,经济犯罪,109,n
经济百科,经济统计指标,109,n
经济百科,经济形态,109,n
经济百科,经济风险,109,n
经济百科,经济指标,109,n
经济百科,经济发展战略,109,n
经济百科,国际经济合作,109,n
经济百科,经济效益,109,n
经济百科,市场壁垒,109,n
经济百科,生产要素,109,n
经济百科,市场规则,109,n
经济百科,资本价格,109,n
经济百科,经济机制,109,n
经济百科,资本家,109,n
经济百科,经济类型,109,n
经济百科,经济法规,109,n
经济百科,经济学名著,109,n
经济百科,经济史,109,n
经济百科,经济学派,109,n
经济百科,分配方式,109,n
经济百科,泡沫经济,109,n
经济百科,环境经济学,109,n
经济百科,工业,109,n
经济百科,商品,109,n
经济百科,市场,109,n
金融百科,金融百科,110,n
金融百科,金融理论,109,n
金融百科,国际收支调节理论,109,n
金融百科,货币理论,109,n
金融百科,货币供给理论,109,n
金融百科,汇率理论,109,n
金融百科,购买力理论,109,n
金融百科,货币需求理论,109,n
金融百科,银行理论,109,n
金融百科,股票,109,n
金融百科,股价型态,109,n
金融百科,股票投资方法,109,n
金融百科,股票分类,109,n
金融百科,股权,109,n
金融百科,股票市场,109,n
金融百科,股票分析指标,109,n
金融百科,股票上市,109,n
金融百科,股票账户,109,n
金融百科,股票发行,109,n
金融百科,股票估值,109,n
金融百科,股票委托,109,n
金融百科,股票板块,109,n
金融百科,股票术语,109,n
金融百科,股票股利,109,n
金融百科,股票指数,109,n
金融百科,标准普尔指数,109,n
金融百科,道琼斯指数,109,n
金融百科,恒生指数,109,n
金融百科,日经指数,109,n
金融百科,上证指数,109,n
金融百科,深证指数,109,n
金融百科,新华富时指数,109,n
金融百科,中信标普指数,109,n
金融百科,股票市场操作,109,n
金融百科,股票技术理论,109,n
金融百科,江恩理论,109,n
金融百科,股票技术指标,109,n
金融百科,证券,109,n
金融百科,证券交易所,109,n
金融百科,世界四大证券交易所,109,n
金融百科,亚太四大证券交易所,109,n
金融百科,证券交易制度,109,n
金融百科,证券术语,109,n
金融百科,存托凭证,109,n
金融百科,证券公司,109,n
金融百科,证券投资方法,109,n
金融百科,证券法规,109,n
金融百科,证券市场,109,n
金融百科,证券类型,109,n
金融百科,证券理论,109,n
金融百科,证券制度,109,n
金融百科,证券监管,109,n
金融百科,证券发行,109,n
金融百科,债券,109,n
金融百科,债券术语,109,n
金融百科,债券分析工具,109,n
金融百科,债券指数,109,n
金融百科,债券市场,109,n
金融百科,债券类型,109,n
金融百科,期货,109,n
金融百科,期货术语,109,n
金融百科,期货交易所,109,n
金融百科,期货技术理论,109,n
金融百科,期货制度,109,n
金融百科,期货指数,109,n
金融百科,期货合约,109,n
金融百科,期货类型,109,n
金融百科,套期保值,109,n
金融百科,外汇,109,n
金融百科,货币单位,109,n
金融百科,汇率,109,n
金融百科,汇率制度,109,n
金融百科,汇率政策,109,n
金融百科,外汇术语,109,n
金融百科,外汇公司,109,n
金融百科,外汇市场,109,n
金融百科,外汇风险,109,n
金融百科,货币,109,n
金融百科,货币政策,109,n
金融百科,货币政策工具,109,n
金融百科,货币理论,109,n
金融百科,货币供给理论,109,n
金融百科,汇率理论,109,n
金融百科,货币需求理论,109,n
金融百科,货币制度,109,n
金融百科,汇率制度,109,n
金融百科,货币类型,109,n
金融百科,货币职能,109,n
金融百科,货币单位,109,n
金融百科,货币市场,109,n
金融百科,货币术语,109,n
金融百科,货币政策工具,109,n
金融百科,三大货币政策工具,109,n
金融百科,投资,109,n
金融百科,投资类型,109,n
金融百科,投资分析,109,n
金融百科,投资评估,109,n
金融百科,投资术语,109,n
金融百科,投资理论,109,n
金融百科,投资学名著,109,n
金融百科,投资方式,109,n
金融百科,银行,109,n
金融百科,贷款,109,n
金融百科,贷款术语,109,n
金融百科,信用贷款,109,n
金融百科,利率,109,n
金融百科,银行制度,109,n
金融百科,商业银行,109,n
金融百科,商业票据,109,n
金融百科,保函,109,n
金融百科,本票,109,n
金融百科,汇票,109,n
金融百科,票据术语,109,n
金融百科,信用证,109,n
金融百科,投资银行,109,n
金融百科,投资银行排行榜,109,n
金融百科,信用卡,109,n
金融百科,银行监管,109,n
金融百科,银行术语,109,n
金融百科,银行法规,109,n
金融百科,银行账户,109,n
金融百科,银行理论,109,n
金融百科,银行业务,109,n
金融百科,银行类型,109,n
金融百科,银行存款,109,n
金融百科,银行结算,109,n
金融百科,专业银行,109,n
金融百科,中央银行,109,n
金融百科,保险,109,n
金融百科,保险合同,109,n
金融百科,保险法规,109,n
金融百科,保险原则,109,n
金融百科,保险关系人,109,n
金融百科,保险准备金,109,n
金融百科,保险费率,109,n
金融百科,保险营销,109,n
金融百科,保险单,109,n
金融百科,保险公司,109,n
金融百科, 财产保险公司,109,n
金融百科,人寿保险公司,109,n
金融百科,保险市场,109,n
金融百科,保险术语,109,n
金融百科,保险种类,109,n
金融百科,财产保险,109,n
金融百科,工程保险,109,n
金融百科,人身保险,109,n
金融百科,社会保险,109,n
金融百科,信用保险,109,n
金融百科,运输保险,109,n
金融百科,再保险,109,n
金融百科,责任保险,109,n
金融百科,金融机构,109,n
金融百科,保险公司,109,n
金融百科,财产保险公司,109,n
金融百科,人寿保险公司,109,n
金融百科,国际金融机构,109,n
金融百科,金融监管机构,109,n
金融百科,期货交易所,109,n
金融百科,商业银行,109,n
金融百科,投资银行,109,n
金融百科,投资银行排行榜,109,n
金融百科,证券交易所,109,n
金融百科,世界四大证券交易所,109,n
金融百科,亚太四大证券交易所,109,n
金融百科,专业银行,109,n
金融百科,中央银行,109,n
金融百科,证券公司,109,n
金融百科,基金,109,n
金融百科,基金术语,109,n
金融百科,基金绩效评价工具,109,n
金融百科,基金类型,109,n
金融百科,基金产品,109,n
金融百科,基金指数,109,n
金融百科,期权,109,n
金融百科,期权术语,109,n
金融百科,期权理论,109,n
金融百科,期权类型,109,n
金融百科,期权投资策略,109,n
金融百科,融资,109,n
金融百科,融资术语,109,n
金融百科,筹资,109,n
金融百科,融资模式,109,n
金融百科,信托,109,n
金融百科,信托种类,109,n
金融百科,信托术语,109,n
金融百科,信托公司,109,n
金融百科,信用,109,n
金融百科,信用衍生工具,109,n
金融百科,信用评级,109,n
金融百科,信用评估机构,109,n
金融百科,信用评级方法,109,n
金融百科,信用术语,109,n
金融百科,信用类型,109,n
金融百科,金融市场,109,n
金融百科,保险市场,109,n
金融百科,股票市场,109,n
金融百科,黄金市场,109,n
金融百科,货币市场,109,n
金融百科,资本市场,109,n
金融百科,证券市场,109,n
金融百科,债券市场,109,n
金融百科,金融术语,109,n
金融百科,存托凭证,109,n
金融百科,贷款术语,109,n
金融百科,股票术语,109,n
金融百科,黄金术语,109,n
金融百科,货币术语,109,n
金融百科,基金术语,109,n
金融百科,交易术语,109,n
金融百科,票据术语,109,n
金融百科,期货术语,109,n
金融百科,权证术语,109,n
金融百科,融资术语,109,n
金融百科,筹资,109,n
金融百科,商业票据,109,n
金融百科,保函,109,n
金融百科,本票,109,n
金融百科,汇票,109,n
金融百科,票据术语,109,n
金融百科,信用证,109,n
金融百科,投资术语,109,n
金融百科,信用衍生工具,109,n
金融百科,银行术语,109,n
金融百科,证券术语,109,n
金融百科,存托凭证,109,n
金融百科,债券术语,109,n
金融百科,黄金,109,n
金融百科,黄金市场,109,n
金融百科,黄金术语,109,n
金融百科,权证,109,n
金融百科,权证术语,109,n
金融百科,国际金融,109,n
金融百科,金融监管,109,n
金融百科,银行监管,109,n
金融百科,金融法规,109,n
金融百科,保险法规,109,n
金融百科,银行法规,109,n
金融百科,证券法规,109,n
金融百科,拍卖,109,n
金融百科,质押,109,n
金融百科,抵押,109,n
金融百科,典当,109,n
金融百科,金融衍生产品,109,n
金融百科,金融学家,109,n
金融百科,金融投资家,109,n
金融百科,金融关系,109,n
金融百科,金融危机,109,n
金融百科,理财,109,n
法律百科,法律百科,110,n
法律百科,法律术语,109,n
法律百科,权利,109,n
法律百科,诉讼,109,n
法律百科,调解,109,n
法律百科,义务,109,n
法律百科,仲裁,109,n
法律百科,金融法规,109,n
法律百科,保险法规,109,n
法律百科,银行法规,109,n
法律百科,证券法规,109,n
法律百科,财务法规,109,n
法律百科,国际会计准则,109,n
法律百科,内部审计准则,109,n
法律百科,内部会计控制规范,109,n
法律百科,企业会计准则,109,n
法律百科,知识产权,109,n
法律百科,商标,109,n
法律百科,类似商品和服务群组,109,n
法律百科,商标术语,109,n
法律百科,商标策略,109,n
法律百科,商标法规,109,n
法律百科,商标类型,109,n
法律百科,专利,109,n
法律百科,专利术语,109,n
法律百科,专利法规,109,n
法律百科,著作权,109,n
法律百科,著作权法规,109,n
法律百科,国际公约,109,n
法律百科,工商法规,109,n
法律百科,贸易协定,109,n
法律百科,税收协定,109,n
法律百科,WTO协议,109,n
法律百科,商法学,109,n
法律百科,经济法规,109,n
法律百科,经济犯罪,109,n
法律百科,贸易法规,109,n
法律百科,财政税收法规,109,n
法律百科,知识产权法规,109,n
法律百科,国际示范法,109,n
法律百科,民事法规,109,n
法律百科,美国法规,109,n
法律百科,中华人民共和国法规,109,n
行业百科,行业百科,110,n
行业百科,报刊杂志,109,n
行业百科,保险,109,n
行业百科,保险合同,109,n
行业百科,保险法规,109,n
行业百科,保险原则,109,n
行业百科,保险关系人,109,n
行业百科,保险准备金,109,n
行业百科,保险费率,109,n
行业百科,保险营销,109,n
行业百科,保险单,109,n
行业百科,保险公司,109,n
行业百科, 财产保险公司,109,n
行业百科,人寿保险公司,109,n
行业百科,保险市场,109,n
行业百科,保险术语,109,n
行业百科,保险种类,109,n
行业百科,财产保险,109,n
行业百科,工程保险,109,n
行业百科,人身保险,109,n
行业百科,社会保险,109,n
行业百科,信用保险,109,n
行业百科,运输保险,109,n
行业百科,再保险,109,n
行业百科,责任保险,109,n
行业百科,标准认证,109,n
行业百科,标准认证机构,109,n
行业百科,标准认证术语,109,n
行业百科,包装,109,n
行业百科,百货,109,n
行业百科,办公用品,109,n
行业百科,会展,109,n
行业百科,传媒,109,n
行业百科,餐饮业,109,n
行业百科,电子,109,n
行业百科,电子商务,109,n
行业百科,电子政务,109,n
行业百科,支付系统,109,n
行业百科,房地产,109,n
行业百科,房产类型,109,n
行业百科,房地产公司,109,n
行业百科,金融投资,109,n
行业百科,股票,109,n
行业百科,基金,109,n
行业百科,债券,109,n
行业百科,外汇,109,n
行业百科,担保,109,n
行业百科,保函,109,n
行业百科,抵押,109,n
行业百科,典当,109,n
行业百科,质押,109,n
行业百科,广告,109,n
行业百科,广告策略,109,n
行业百科,广告创意策略,109,n
行业百科,广告预算方法,109,n
行业百科,广告投放策略,109,n
行业百科,广告表现手法,109,n
行业百科,广告理论,109,n
行业百科,广告预算理论,109,n
行业百科,广告创意理论,109,n
行业百科,广告创意,109,n
行业百科,广告创意理论,109,n
行业百科,广告创意策略,109,n
行业百科,广告预算,109,n
行业百科,广告预算理论,109,n
行业百科,广告预算方法,109,n
行业百科,广告评估,109,n
行业百科,广告效果评估,109,n
行业百科,广告公司,109,n
行业百科,扬罗必凯,109,n
行业百科,广告人物,109,n
行业百科,广告术语,109,n
行业百科,广告奖,109,n
行业百科,公关公司,109,n
行业百科,广告协会,109,n
行业百科,广告类型,109,n
行业百科,广告收费模式,109,n
行业百科,广告形式,109,n
行业百科,广告要素,109,n
行业百科,广告指标,109,n
行业百科,广告媒体,109,n
行业百科,广告人物,109,n
行业百科,工业,109,n
行业百科,钢铁,109,n
行业百科,重工业公司,109,n
行业百科,化工,109,n
行业百科,合同,109,n
行业百科,保险合同,109,n
行业百科,合同术语,109,n
行业百科,合同类型,109,n
行业百科,人事合同,109,n
行业百科,商业合同,109,n
行业百科,运输合同,109,n
行业百科,租船合同,109,n
行业百科,行业协会,109,n
行业百科,计算机,109,n
行业百科,互联网,109,n
行业百科,软件,109,n
行业百科,建筑,109,n
行业百科,建材,109,n
行业百科,建筑设计所,109,n
行业百科,建筑材料公司,109,n
行业百科,家电,109,n
行业百科,家居,109,n
行业百科,家具,109,n
行业百科,家居用品公司,109,n
行业百科,零售,109,n
行业百科,家电零售,109,n
行业百科,消费电子家电公司,109,n
行业百科,媒体,109,n
行业百科,能源,109,n
行业百科,石油,109,n
行业百科,能源采矿公司,109,n
行业百科,石油天然气公司 ,109,n
行业百科,拍卖,109,n
行业百科,培训,109,n
行业百科,职业培训,109,n
行业百科,汽车,109,n
行业百科,汽车公司,109,n
行业百科,客车公司,109,n
行业百科,日化,109,n
行业百科,化妆品公司,109,n
行业百科,日用消费品公司,109,n
行业百科,投资,109,n
行业百科,投资类型,109,n
行业百科,投资分析,109,n
行业百科,投资评估,109,n
行业百科,投资术语,109,n
行业百科,投资理论,109,n
行业百科,投资学名著,109,n
行业百科,投资方式,109,n
行业百科,通信,109,n
行业百科,通讯设备,109,n
行业百科,电信公司,109,n
行业百科,通讯设备公司,109,n
行业百科,物流管理,109,n
行业百科,存储,109,n
行业百科,仓库类型,109,n
行业百科,仓储系统,109,n
行业百科,仓储作业,109,n
行业百科,运输,109,n
行业百科,多式联运,109,n
行业百科,海洋运输,109,n
行业百科,租船运输,109,n
行业百科,包装,109,n
行业百科,包装策略,109,n
行业百科,包装类型,109,n
行业百科,报关,109,n
行业百科,报关代码,109,n
行业百科,单证,109,n
行业百科,采购,109,n
行业百科,订货管理,109,n
行业百科,流通加工,109,n
行业百科,加工贸易,109,n
行业百科,配送,109,n
行业百科,配送中心,109,n
行业百科,物流管理理论,109,n
行业百科,物流管理术语,109,n
行业百科,物流公司,109,n
行业百科,物流协会,109,n
行业百科,第三方物流,109,n
行业百科,供应链,109,n
行业百科,绿色物流,109,n
行业百科,物流战略管理,109,n
行业百科,物流成本,109,n
行业百科,物流信息管理,109,n
行业百科,物流企业类型,109,n
行业百科,物流系统工程,109,n
行业百科,物流技术,109,n
行业百科,物流类型,109,n
行业百科,装卸搬运,109,n
行业百科,装卸搬运,109,n
行业百科,银行,109,n
行业百科,贷款,109,n
行业百科,贷款术语,109,n
行业百科,信用贷款,109,n
行业百科,利率,109,n
行业百科,银行制度,109,n
行业百科,商业银行,109,n
行业百科,商业票据,109,n
行业百科,保函,109,n
行业百科,本票,109,n
行业百科,汇票,109,n
行业百科,票据术语,109,n
行业百科,信用证,109,n
行业百科,投资银行,109,n
行业百科,投资银行排行榜,109,n
行业百科,信用卡,109,n
行业百科,银行监管,109,n
行业百科,银行术语,109,n
行业百科,银行法规,109,n
行业百科,银行账户,109,n
行业百科,银行理论,109,n
行业百科,银行业务,109,n
行业百科,银行类型,109,n
行业百科,银行存款,109,n
行业百科,银行结算,109,n
行业百科,专业银行,109,n
行业百科,中央银行,109,n
行业百科,印刷,109,n
行业百科,医药,109,n
行业百科,烟草,109,n
行业百科,招投标,109,n
行业百科,投标类型,109,n
行业百科,招投标术语,109,n
行业百科,招投标策略,109,n
行业百科,招标类型,109,n
行业百科,支付系统,109,n
综合条目,综合条目,110,n
综合条目,理论工具,109,n
综合条目,管理理论,109,n
综合条目,产权理论,109,n
综合条目,公司治理理论,109,n
综合条目,激励理论,109,n
综合条目,决策理论论,109,n
综合条目,领导理论,109,n
综合条目,企业并购理论,109,n
综合条目,企业家理论,109,n
综合条目,人性假说理论,109,n
综合条目,生命周期理论,109,n
综合条目,学习理论,109,n
综合条目,行为科学管理理论,109,n
综合条目,管理工具,109,n
综合条目,财务管理工具,109,n
综合条目,决策方法,109,n
综合条目,软评价方法,109,n
综合条目,硬评价方法,109,n
综合条目,决策预测,109,n
综合条目,计划控制方法,109,n
综合条目,目标管理工具,109,n
综合条目,生产管理工具,109,n
综合条目,思维方式,109,n
综合条目,信息管理工具,109,n
综合条目,质量管理工具,109,n
综合条目,品管七大手法,109,n
综合条目,战略管理工具,109,n
综合条目,组织管理工具,109,n
综合条目,管理定律,109,n
综合条目,股票技术理论,109,n
综合条目,博弈论,109,n
综合条目,博弈论学家,109,n
综合条目,创新理论,109,n
综合条目,财务管理工具,109,n
综合条目,财务管理理论,109,n
综合条目,财政理论,109,n
综合条目,风险管理工具,109,n
综合条目,风险管理理论,109,n
综合条目,广告理论,109,n
综合条目,广告预算理论,109,n
综合条目,广告创意理论,109,n
综合条目,管理方法,109,n
综合条目,财务管理方法,109,n
综合条目,财务决策方法,109,n
综合条目,财务核算方法,109,n
综合条目,风险管理方法,109,n
综合条目,目标管理方法,109,n
综合条目,生产管理方法,109,n
综合条目,IE手法,109,n
综合条目,选址方法,109,n
综合条目,质量管理方法,109,n
综合条目,组织管理方法,109,n
综合条目,工作分析,109,n
综合条目,沟通管理,109,n
综合条目,沟通理论,109,n
综合条目,沟通类型,109,n
综合条目,沟通方式,109,n
综合条目,沟通方法,109,n
综合条目,岗位评估,109,n
综合条目,工作设计,109,n
综合条目,规模经济理论,109,n
综合条目,货币理论,109,n
综合条目,货币供给理论,109,n
综合条目,汇率理论,109,n
综合条目,购买力理论,109,n
综合条目,货币需求理论,109,n
综合条目,经济理论,109,n
综合条目,货币理论,109,n
综合条目,货币供给理论,109,n
综合条目,汇率理论,109,n
综合条目,货币需求理论,109,n
综合条目,边际理论,109,n
综合条目,厂商理论,109,n
综合条目,产权理论,109,n
综合条目,产业理论,109,n
综合条目,恩格尔,109,n
综合条目,二元经济理论,109,n
综合条目,规模经济理论,109,n
综合条目,公共选择理论,109,n
综合条目,规制理论,109,n
综合条目,哈贝马斯,109,n
综合条目,经济周期理论,109,n
综合条目,经济增长理论,109,n
综合条目,经济危机理论,109,n
综合条目,就业理论,109,n
综合条目,教育经济理论,109,n
综合条目,交换理论,109,n
综合条目,价值理论,109,n
综合条目,凯恩斯,109,n
综合条目,垄断理论,109,n
综合条目,李嘉图,109,n
综合条目,马克思,109,n
综合条目,马歇尔,109,n
综合条目,区域经济理论,109,n
综合条目,人口理论,109,n
综合条目,税收理论,109,n
综合条目,科斯,109,n
综合条目,统计理论,109,n
综合条目,通货膨胀理论,109,n
综合条目,消费理论,109,n
综合条目,循环经济理论,109,n
综合条目,信息经济论,109,n
综合条目,亚当斯密,109,n
综合条目,金融理论,109,n
综合条目,国际收支调节理论,109,n
综合条目,货币理论,109,n
综合条目,货币供给理论,109,n
综合条目,汇率理论,109,n
综合条目,购买力理论,109,n
综合条目,货币需求理论,109,n
综合条目,银行理论,109,n
综合条目,绩效管理,109,n
综合条目,绩效考核,109,n
综合条目,绩效管理理论,109,n
综合条目,激励,109,n
综合条目,激励理论,109,n
综合条目,激励方法,109,n
综合条目,决策理论,109,n
综合条目,经济周期理论,109,n
综合条目,经济增长理论,109,n
综合条目,经济危机理论,109,n
综合条目,就业理论,109,n
综合条目,考勤管理,109,n
综合条目,会计理论,109,n
综合条目,垄断理论,109,n
综合条目,贸易理论,109,n
综合条目,目标管理理论,109,n
综合条目,品牌理论,109,n
综合条目,品牌管理工具,109,n
综合条目,企业并购理论,109,n
综合条目,区域经济理论,109,n
综合条目,均衡发展理论,109,n
综合条目,人力资源规划,109,n
综合条目,人力资源战略,109,n
综合条目,人力资源会计,109,n
综合条目,人力资源管理理论,109,n
综合条目,生产管理工具,109,n
综合条目,税收理论,109,n
综合条目,胜任素质,109,n
综合条目,数学定理,109,n
综合条目,生产管理理论,109,n
综合条目,失业理论,109,n
综合条目,物流管理理论,109,n
综合条目,薪酬管理,109,n
综合条目,工资,109,n
综合条目,工资形式,109,n
综合条目,福利,109,n
综合条目,薪酬制度,109,n
综合条目,薪酬类型,109,n
综合条目,薪酬策略,109,n
综合条目,薪酬理论,109,n
综合条目,信息管理工具,109,n
综合条目,计划控制方法,109,n
综合条目,项目管理工具,109,n
综合条目,信用衍生工具,109,n
综合条目,心理测验,109,n
综合条目,能力测验,109,n
综合条目,人格特质理论,109,n
综合条目,人才测评量表,109,n
综合条目,人格测试量表,109,n
综合条目,心理测验方法,109,n
综合条目,营销理论,109,n
综合条目,零售理论,109,n
综合条目,品牌理论,109,n
综合条目,消费者理论,109,n
综合条目,营销组合理论,109,n
综合条目,营销工具,109,n
综合条目,商圈分析工具,109,n
综合条目,营销战略工具,109,n
综合条目,咨询工具,109,n
综合条目,质量管理工具,109,n
综合条目,品管七大手法,109,n
综合条目,战略管理工具,109,n
综合条目,战略环境分析,109,n
综合条目,战略管理理论,109,n
综合条目,组织管理理论,109,n
综合条目,职业发展,109,n
综合条目,职业发展理论,109,n
综合条目,职位,109,n
综合条目,职业锚,109,n
综合条目,职业培训,109,n
综合条目,培训模式,109,n
综合条目,培训评估,109,n
综合条目,培训方法,109,n
综合条目,培训类型,109,n
综合条目,就业培训,109,n
综合条目,知识管理工具,109,n
综合条目,知识管理理论,109,n
综合条目,质量管理理论,109,n
综合条目,公司企业,109,n
综合条目,企业排行榜,109,n
综合条目,物流排行榜,109,n
综合条目,咨询公司排行榜,109,n
综合条目,世界500强,109,n
综合条目,500强排名,109,n
综合条目,知名企业,109,n
综合条目,财团,109,n
综合条目,日本财团,109,n
综合条目,瑞典财团,109,n
综合条目,法国财团,109,n
综合条目,美国财团,109,n
综合条目,半导体公司,109,n
综合条目,博彩公司,109,n
综合条目,百货公司,109,n
综合条目,办公用品公司,109,n
综合条目,传媒公司,109,n
综合条目,电信公司,109,n
综合条目,电子电气公司,109,n
综合条目,电子游戏公司,109,n
综合条目,电力公司,109,n
综合条目,电子代工公司,109,n
综合条目,电梯公司,109,n
综合条目,纺织公司,109,n
综合条目,房地产公司,109,n
综合条目,服饰公司,109,n
综合条目,风险投资公司,109,n
综合条目,服务外包公司,109,n
综合条目,广告公司,109,n
综合条目,公关公司,109,n
综合条目,钢铁公司,109,n
综合条目,工程建筑公司,109,n
综合条目,高新技术企业,109,n
综合条目,光学设备公司,109,n
综合条目,航空公司,109,n
综合条目,化工公司,109,n
综合条目,互联网公司,109,n
综合条目,核能源公司,109,n
综合条目,航空航天工业公司,109,n
综合条目,化妆品公司,109,n
综合条目,家居用品公司,109,n
综合条目,基金管理公司,109,n
综合条目,机械制造公司,109,n
综合条目,金融服务公司,109,n
综合条目,金融控股公司,109,n
综合条目,家电零售,109,n
综合条目,酒店企业,109,n
综合条目,建筑设计所,109,n
综合条目,金融机构,109,n
综合条目,保险公司,109,n
综合条目,财产保险公司,109,n
综合条目,人寿保险公司,109,n
综合条目,国际金融机构,109,n
综合条目,期货交易所,109,n
综合条目,商业银行,109,n
综合条目,投资银行,109,n
综合条目,证券交易所,109,n
综合条目,专业银行,109,n
综合条目,证券公司,109,n
综合条目,建筑材料公司,109,n
综合条目,计算机办公设备公司,109,n
综合条目,会计师事务所,109,n
综合条目,会计师事务所排行榜,109,n
综合条目,客车公司,109,n
综合条目,轮胎橡胶公司,109,n
综合条目,铝业公司,109,n
综合条目,旅游公司,109,n
综合条目,贸易公司,109,n
综合条目,卖场超市,109,n
综合条目,酿酒公司,109,n
综合条目,白兰地酒公司,109,n
综合条目,白酒公司,109,n
综合条目,伏特加酒公司,109,n
综合条目,朗姆酒公司,109,n
综合条目,龙舌兰酒公司,109,n
综合条目,啤酒公司,109,n
综合条目,葡萄酒公司,109,n
综合条目,威士忌酒公司,109,n
综合条目,农业公司,109,n
综合条目,能源采矿公司,109,n
综合条目,品牌咨询公司,109,n
综合条目,汽车公司,109,n
综合条目,日用消费品公司,109,n
综合条目,人力资源服务机构,109,n
综合条目,软件公司,109,n
综合条目,乳业公司,109,n
综合条目,水务公司,109,n
综合条目,商业银行,109,n
综合条目,市场研究公司,109,n
综合条目,食品公司,109,n
综合条目,摄影器材公司,109,n
综合条目,私募股权公司,109,n
综合条目,石油天然气公司,109,n
综合条目,书店,109,n
综合条目,速食餐厅,109,n
综合条目,投资银行,109,n
综合条目,投资银行排行榜,109,n
综合条目,通讯设备公司,109,n
综合条目,体育用品公司,109,n
综合条目,投资公司,109,n
综合条目,铁矿石公司,109,n
综合条目,物流公司,109,n
综合条目,网络数据公司,109,n
综合条目,外汇公司,109,n
综合条目,维修服务公司,109,n
综合条目,网上贸易公司,109,n
综合条目,玩具公司,109,n
综合条目,信用评估机构,109,n
综合条目,技术信息服务公司,109,n
综合条目,消费电子家电公司,109,n
综合条目,娱乐器材公司,109,n
综合条目,邮购公司,109,n
综合条目,药品零售公司,109,n
综合条目,医疗器械公司,109,n
综合条目,饮料公司,109,n
综合条目,烟草公司,109,n
综合条目,指数管理公司,109,n
综合条目,中央企业,109,n
综合条目,租赁公司,109,n
综合条目,珠宝公司,109,n
综合条目,钟表公司,109,n
综合条目,咨询公司,109,n
综合条目,本土咨询公司,109,n
综合条目,造船公司,109,n
综合条目,证券交易所,109,n
综合条目,世界四大证券交易所,109,n
综合条目,亚太四大证券交易所,109,n
综合条目,照明电器公司,109,n
综合条目,知名品牌,109,n
综合条目,保险品牌,109,n
综合条目,冰激凌品牌,109,n
综合条目,CPU品牌,109,n
综合条目,打火机品牌,109,n
综合条目,电梯品牌,109,n
综合条目,服饰品牌,109,n
综合条目,飞机品牌,109,n
综合条目,钢笔品牌,109,n
综合条目,钢琴品牌,109,n
综合条目,化妆品品牌,109,n
综合条目,酒店品牌,109,n
综合条目,酒品牌,109,n
综合条目,家电品牌,109,n
综合条目,计算机品牌,109,n
综合条目,建材品牌,109,n
综合条目,咖啡品牌,109,n
综合条目,空调品牌,109,n
综合条目,轮胎品牌,109,n
综合条目,摩托车品牌,109,n
综合条目,奶粉品牌,109,n
综合条目,皮鞋品牌,109,n
综合条目,汽车品牌,109,n
综合条目,巧克力品牌,109,n
综合条目,日用品品牌,109,n
综合条目,手表品牌,109,n
综合条目,奢侈品,109,n
综合条目,速食品牌,109,n
综合条目,手机品牌,109,n
综合条目,石油天然气品牌,109,n
综合条目,摄影器材品牌,109,n
综合条目,糖果品牌,109,n
综合条目,玩具品牌,109,n
综合条目,游艇品牌,109,n
综合条目,运动品牌,109,n
综合条目,烟草品牌,109,n
综合条目,饮料品牌,109,n
综合条目,音响品牌,109,n
综合条目,眼镜品牌,109,n
综合条目,珠宝品牌,109,n
综合条目,中华老字号,109,n
综合条目,自行车品牌,109,n
综合条目,制药保健品牌,109,n
综合条目,造纸公司,109,n
综合条目,制药保健公司,109,n
综合条目,重工业公司,109,n
综合条目,专业银行,109,n
综合条目,中央银行,109,n
综合条目,资产管理公司,109,n
综合条目,实业投资公司,109,n
综合条目,组织机构,109,n
综合条目,组织机构标志,109,n
综合条目,组织机构图像,109,n
综合条目,标准认证机构,109,n
综合条目,国际经贸组织,109,n
综合条目,广告协会,109,n
综合条目,国际航空组织,109,n
综合条目,国际金融机构,109,n
综合条目,基金会,109,n
综合条目,金融监管机构,109,n
综合条目,联合国,109,n
综合条目,企业孵化器,109,n
综合条目,世界经济体制的三大支柱,109,n
综合条目,物流协会,109,n
综合条目,营销协会,109,n
综合条目,知名大学,109,n
综合条目,国内大学,109,n
综合条目,国内商学院,109,n
综合条目,常青藤盟校,109,n
综合条目,国内商学院,109,n
综合条目,罗素大学集团,109,n
综合条目,金三角名校,109,n
综合条目,科英布拉集团,109,n
综合条目,商学院,109,n
综合条目,MBA排名,109,n
综合条目,大学排行榜,109,n
综合条目,阿根廷大学,109,n
综合条目,爱尔兰大学,109,n
综合条目,奥地利大学,109,n
综合条目,埃及大学,109,n
综合条目,比利时大学,109,n
综合条目,波兰大学,109,n
综合条目,巴西大学,109,n
综合条目,冰岛大学,109,n
综合条目,保加利亚大学,109,n
综合条目,丹麦大学,109,n
综合条目,德国大学,109,n
综合条目,俄罗斯大学,109,n
综合条目,芬兰大学,109,n
综合条目,法国大学,109,n
综合条目,菲律宾大学,109,n
综合条目,韩国大学,109,n
综合条目,荷兰大学,109,n
综合条目,加拿大大学,109,n
综合条目,黎巴嫩大学,109,n
综合条目,美国大学,109,n
综合条目,马来西亚大学,109,n
综合条目,墨西哥大学,109,n
综合条目,南非大学,109,n
综合条目,挪威大学,109,n
综合条目,澳大利亚大学,109,n
综合条目,葡萄牙大学,109,n
综合条目,企业大学,109,n
综合条目,日本大学,109,n
综合条目,瑞士大学,109,n
综合条目,瑞典大学,109,n
综合条目,台湾大学,109,n
综合条目,泰国大学,109,n
综合条目,土耳其大学,109,n
综合条目,新加坡大学,109,n
综合条目,新西兰大学,109,n
综合条目,香港大学,109,n
综合条目,西班牙大学,109,n
综合条目,希腊大学,109,n
综合条目,匈牙利大学,109,n
综合条目,以色列大学,109,n
综合条目,英国大学,109,n
综合条目,罗素大学集团,109,n
综合条目,金三角名校,109,n
综合条目,印度大学,109,n
综合条目,意大利大学,109,n
综合条目,智利大学,109,n
综合条目,排行榜,109,n
综合条目,企业排行榜,109,n
综合条目,物流排行榜,109,n
综合条目,咨询公司排行榜,109,n
综合条目,大学排行榜,109,n
综合条目,500强排名,109,n
综合条目,Armstrong & Associates排行榜,109,n
综合条目,慈善排行榜,109,n
综合条目,财富排行榜,109,n
综合条目,福布斯排行榜,109,n
综合条目,胡润百富榜,109,n
综合条目,广告排行榜,109,n
综合条目,富豪排行榜,109,n
综合条目,金融时报排行榜,109,n
综合条目,会计师事务所排行榜,109,n
综合条目,MBA排名,109,n
综合条目,名人排行榜,109,n
综合条目,品牌排行榜,109,n
综合条目,排行榜图像,109,n
综合条目,商业领袖排行榜,109,n
综合条目,商业周刊排行榜,109,n
综合条目,书籍排行榜,109,n
综合条目,SJ咨询公司排行榜,109,n
综合条目,《新闻周刊》排行榜,109,n
综合条目,人物,109,n
综合条目,博弈论学家,109,n
综合条目,成功学家,109,n
综合条目,管理咨询专家,109,n
综合条目,股评家,109,n
综合条目,广告人物,109,n
综合条目,管理学家,109,n
综合条目,组织行为学家,109,n
综合条目,商业思想家,109,n
综合条目,IE工程师,109,n
综合条目,经济学家,109,n
综合条目,国内经济学家,109,n
综合条目,克拉克奖章获得者,109,n
综合条目,诺贝尔经济学奖获得者,109,n
综合条目,金融投资家,109,n
综合条目,政治经济学家,109,n
综合条目,科学家,109,n
综合条目,理财师,109,n
综合条目,人物图像,109,n
综合条目,成功学家图像,109,n
综合条目,广告人物图像,109,n
综合条目,管理学家图像,109,n
综合条目,商业思想家图像,109,n
综合条目,管理咨询专家图像,109,n
综合条目,IE工程师图像,109,n
综合条目,经济学家图像,109,n
综合条目,金融投资家图像,109,n
综合条目,理财师图像,109,n
综合条目,商业领袖图像,109,n
综合条目,社会学家图像,109,n
综合条目,商界人物图像,109,n
综合条目,心理学家图像,109,n
综合条目,营销人物图像,109,n
综合条目,质量人物图像,109,n
综合条目,职业经理人图像,109,n
综合条目,社会学家,109,n
综合条目,商界人物,109,n
综合条目,商业领袖,109,n
综合条目,职业经理人,109,n
综合条目,商业领袖排行榜,109,n
综合条目,统计学家,109,n
综合条目,文学家,109,n
综合条目,心理学家,109,n
综合条目,营销人物,109,n
综合条目,哲学家,109,n
综合条目,政治家,109,n
综合条目,知名人物,109,n
综合条目,质量人物,109,n
综合条目,名词术语,109,n
综合条目,标准认证术语,109,n
综合条目,财务管理术语,109,n
综合条目,财政术语,109,n
综合条目,法律术语,109,n
综合条目,权利,109,n
综合条目,诉讼,109,n
综合条目,调解,109,n
综合条目,义务,109,n
综合条目,仲裁,109,n
综合条目,管理术语,109,n
综合条目,股票术语,109,n
综合条目,广告术语,109,n
综合条目,公关术语,109,n
综合条目,货币术语,109,n
综合条目,黄金术语,109,n
综合条目,经济术语,109,n
综合条目,经济增长方式,109,n
综合条目,经济弹性,109,n
综合条目,市场规制,109,n
综合条目,金融术语,109,n
综合条目,存托凭证,109,n
综合条目,贷款术语,109,n
综合条目,股票术语,109,n
综合条目,黄金术语,109,n
综合条目,货币术语,109,n
综合条目,基金术语,109,n
综合条目,交易术语,109,n
综合条目,票据术语,109,n
综合条目,期货术语,109,n
综合条目,权证术语,109,n
综合条目,融资术语,109,n
综合条目,筹资,109,n
综合条目,商业票据,109,n
综合条目,保函,109,n
综合条目,本票,109,n
综合条目,汇票,109,n
综合条目,票据术语,109,n
综合条目,信用证,109,n
综合条目,投资术语,109,n
综合条目,信用衍生工具,109,n
综合条目,银行术语,109,n
综合条目,证券术语,109,n
综合条目,存托凭证,109,n
综合条目,债券术语,109,n
综合条目,基金术语,109,n
综合条目,经济学术语,109,n
综合条目,统计,109,n
综合条目,经济统计指标,109,n
综合条目,统计理论,109,n
综合条目,统计指标,109,n
综合条目,统计图表,109,n
综合条目,统计学家,109,n
综合条目,统计方法,109,n
综合条目,统计术语,109,n
综合条目,产权,109,n
综合条目,产权理论,109,n
综合条目,产权类型,109,n
综合条目,知识产权,109,n
综合条目,商标,109,n
综合条目,专利,109,n
综合条目,知识产权法规,109,n
综合条目,著作权,109,n
综合条目,产业,109,n
综合条目,产业理论,109,n
综合条目,产业集聚,109,n
综合条目,产业类型,109,n
综合条目,产业政策,109,n
综合条目,产业术语,109,n
综合条目,消费,109,n
综合条目,消费模式,109,n
综合条目,消费理论,109,n
综合条目,消费类型,109,n
综合条目,就业,109,n
综合条目,就业理论,109,n
综合条目,就业培训,109,n
综合条目,失业,109,n
综合条目,失业理论,109,n
综合条目,失业类型,109,n
综合条目,垄断,109,n
综合条目,垄断理论,109,n
综合条目,垄断组织形式,109,n
综合条目,地租,109,n
综合条目,国民收入,109,n
综合条目,供给,109,n
综合条目,收入,109,n
综合条目,社会再生产,109,n
综合条目,通货,109,n
综合条目,需求,109,n
综合条目,租赁,109,n
综合条目,会计术语,109,n
综合条目,经常性损益,109,n
综合条目,非经常性损益,109,n
综合条目,贸易术语,109,n
综合条目,人力资源术语,109,n
综合条目,人才类型,109,n
综合条目,生产管理术语,109,n
综合条目,税收术语,109,n
综合条目,关税术语,109,n
综合条目,税负转嫁形式,109,n
综合条目,税种,109,n
综合条目,关税税种,109,n
综合条目,商标术语,109,n
综合条目,投资术语,109,n
综合条目,外汇术语,109,n
综合条目,物流管理术语,109,n
综合条目,项目管理术语,109,n
综合条目,信用术语,109,n
综合条目,信托术语,109,n
综合条目,信息管理术语,109,n
综合条目,营销术语,109,n
综合条目,窜货,109,n
综合条目,经营比率,109,n
综合条目,质量术语,109,n
综合条目,证券术语,109,n
综合条目,期货术语,109,n
综合条目,债券术语,109,n
综合条目,咨询术语,109,n
综合条目,组织管理术语,109,n
综合条目,招投标术语,109,n
综合条目,商学院,109,n
综合条目,国内商学院,109,n
综合条目,MBA排名,109,n
综合条目,商学院标志,109,n
综合条目,名人名言,109,n
综合条目,管理学家名言,109,n
综合条目,书籍,109,n
综合条目,管理学名著,109,n
综合条目,经济学名著,109,n
综合条目,励志名著,109,n
综合条目,书籍章节,109,n
综合条目,投资学名著,109,n
综合条目,参考查询,109,n
综合条目,报关代码,109,n
综合条目,类似商品和服务群组,109,n
综合条目,主题事件,109,n
综合条目,商业案件,109,n
综合条目,奖项,109,n
综合条目,奖项图像,109,n
综合条目,管理学奖,109,n
综合条目,广告奖,109,n
综合条目,经济学奖,109,n
综合条目,克拉克奖章获得者,109,n
综合条目,诺贝尔经济学奖获得者,109,n
综合条目,LOGO标志,109,n
综合条目,报刊杂志标志,109,n
综合条目,保险公司标志,109,n
综合条目,标准认证标志,109,n
综合条目,标准认证机构标志,109,n
综合条目,传媒公司标志,109,n
综合条目,电信公司标志,109,n
综合条目,电子游戏公司标志,109,n
综合条目,航空航天工业公司标志,109,n
综合条目,风险投资公司标志,109,n
综合条目,资产管理公司标志,109,n
综合条目,服饰公司标志,109,n
综合条目,电子电气公司标志,109,n
综合条目,广告公司标志,109,n
综合条目,公关公司标志,109,n
综合条目,国内企业标志,109,n
综合条目,工程建筑公司标志,109,n
综合条目,钢铁公司标志,109,n
综合条目,房地产公司标志,109,n
综合条目,货币单位标志,109,n
综合条目,互联网公司标志,109,n
综合条目,金融机构标志,109,n
综合条目,国际金融机构标志,109,n
综合条目,外汇交易市场标志,109,n
综合条目,基金管理公司标志,109,n
综合条目,机械制造公司标志,109,n
综合条目,计算机办公设备公司标志,109,n
综合条目,会计师事务所标志,109,n
综合条目,会计师公会标志,109,n
综合条目,软件标志,109,n
综合条目,卖场超市标志,109,n
综合条目,能源采矿公司标志,109,n
综合条目,品牌咨询公司标志,109,n
综合条目,期货交易所标志,109,n
综合条目,汽车公司标志,109,n
综合条目,企业大学标志,109,n
综合条目,企业孵化器标志,109,n
综合条目,日用消费品公司标志,109,n
综合条目,软件公司标志,109,n
综合条目,商学院标志,109,n
综合条目,商业银行标志,109,n
综合条目,世界500强标志,109,n
综合条目,食品公司标志,109,n
综合条目,石油天然气公司标志,109,n
综合条目,商贸会展标志,109,n
综合条目,商业智能公司标志,109,n
综合条目,投资银行标志,109,n
综合条目,物流公司标志,109,n
综合条目,物流协会标志,109,n
综合条目,外汇公司标志,109,n
综合条目,信用评估机构标志,109,n
综合条目,烟草公司标志,109,n
综合条目,组织机构标志,109,n
综合条目,知名企业标志,109,n
综合条目,知名大学标志,109,n
综合条目,知名品牌标志,109,n
综合条目,服饰品牌标志,109,n
综合条目,化妆品品牌标志,109,n
综合条目,皮鞋品牌标志,109,n
综合条目,奢侈品标志,109,n
综合条目,运动品牌标志,109,n
综合条目,中央银行标志,109,n
综合条目,专业银行标志,109,n
综合条目,制药保健公司标志,109,n
综合条目,证券交易所标志,109,n
综合条目,证券交易所大楼,109,n
综合条目,咨询公司标志,109,n
综合条目,综合条目图像,109,n
综合条目,标准认证图像,109,n
综合条目,标准认证机构图像,109,n
综合条目,电子商务图像,109,n
综合条目,企业大学图像,109,n
综合条目,书籍图像,109,n
综合条目,励志名著图像,109,n
综合条目,知名企业图像,109,n
综合条目,知名品牌图像,109,n
综合条目,主题事件图像,109,n
综合条目,商学院图像,109,n
综合条目,应用数学,109,n
综合条目,政治学派,109,n
综合条目,政治理论,109,n
综合条目,企业大学,109,n
